,CL
2022-08-01 00:00:00,559.9612738129086
2022-08-01 00:30:00,588.5151052032982
2022-08-01 01:00:00,589.3639465453512
2022-08-01 01:30:00,586.5940432186522
2022-08-01 02:00:00,584.8516846744385
2022-08-01 02:30:00,556.4086494171169
2022-08-01 03:00:00,555.351320727893
2022-08-01 03:30:00,553.575008529997
2022-08-01 04:00:00,554.9283892522035
2022-08-01 04:30:00,553.575008529997
2022-08-01 05:00:00,555.4782001705998
2022-08-01 05:30:00,552.9406113164629
2022-08-01 06:00:00,522.3477736707421
2022-08-01 06:30:00,527.5361302246233
2022-08-01 07:00:00,595.4398635200457
2022-08-01 07:30:00,660.6219434176857
2022-08-01 08:00:00,1363.228473130509
2022-08-01 08:30:00,2555.2573824282063
2022-08-01 09:00:00,2502.62052232016
2022-08-01 09:30:00,2050.9199371623545
2022-08-01 10:00:00,2106.7916869491046
2022-08-01 10:30:00,2180.210684958772
2022-08-01 11:00:00,2172.016655672449
2022-08-01 11:30:00,2293.948276656241
2022-08-01 12:00:00,2112.427397782201
2022-08-01 12:30:00,2173.12688058004
2022-08-01 13:00:00,2166.040455217515
2022-08-01 13:30:00,2179.562706283765
2022-08-01 14:00:00,2353.7333935172023
2022-08-01 14:30:00,2101.879605914132
2022-08-01 15:00:00,2150.433688086438
2022-08-01 15:30:00,2149.408049473984
2022-08-01 16:00:00,2171.0941885129378
2022-08-01 16:30:00,2441.0159661643447
2022-08-01 17:00:00,2109.033342905886
2022-08-01 17:30:00,2178.3752814899062
2022-08-01 18:00:00,2174.7075720784765
2022-08-01 18:30:00,2175.812435882855
2022-08-01 19:00:00,2172.788535399489
2022-08-01 19:30:00,2073.0356792721072
2022-08-01 20:00:00,2026.957950241684
2022-08-01 20:30:00,1957.8899044640325
2022-08-01 21:00:00,1966.1425484788172
2022-08-01 21:30:00,1929.8435908444696
2022-08-01 22:00:00,1776.8355607051467
2022-08-01 22:30:00,1375.1264290588572
2022-08-01 23:00:00,895.237282342906
2022-08-01 23:30:00,818.3484591981805
2022-08-02 00:00:00,731.5904407165197
2022-08-02 00:30:00,509.7937378447541
2022-08-02 01:00:00,572.4071344896221
2022-08-02 01:30:00,573.5747827694058
2022-08-02 02:00:00,602.5758493033836
2022-08-02 02:30:00,571.109747512084
2022-08-02 03:00:00,571.2827324424225
2022-08-02 03:30:00,602.940880864373
2022-08-02 04:00:00,569.2934057435314
2022-08-02 04:30:00,601.5720125106626
2022-08-02 05:00:00,568.3852348592552
2022-08-02 05:30:00,571.4124711401765
2022-08-02 06:00:00,569.8988529997159
2022-08-02 06:30:00,575.3911245379586
2022-08-02 07:00:00,612.6142172305942
2022-08-02 07:30:00,
2022-08-02 08:00:00,1857.735203866932
2022-08-02 08:30:00,2472.839474836509
2022-08-02 09:00:00,2472.060446971851
2022-08-02 09:30:00,2007.2886582314477
2022-08-02 10:00:00,2156.751092976969
2022-08-02 10:30:00,2189.282624680125
2022-08-02 11:00:00,2156.2781245379583
2022-08-02 11:30:00,2276.9061634916125
2022-08-02 12:00:00,2237.452375319875
2022-08-02 12:30:00,2172.5851708842765
2022-08-02 13:00:00,2130.170624111459
2022-08-02 13:30:00,2081.0405211828265
2022-08-02 14:00:00,2039.2489346033556
2022-08-02 14:30:00,2044.9249132783625
2022-08-02 15:00:00,2175.1509948820026
2022-08-02 15:30:00,2133.801997156668
2022-08-02 16:00:00,2102.0485402331537
2022-08-02 16:30:00,2106.79228262724
2022-08-02 17:00:00,2197.50322121126
2022-08-02 17:30:00,2227.2135021325
2022-08-02 18:00:00,1962.923742109753
2022-08-02 18:30:00,1991.360939721354
2022-08-02 19:00:00,2106.259508103498
2022-08-02 19:30:00,2069.356294569236
2022-08-02 20:00:00,1959.767362809213
2022-08-02 20:30:00,1875.270776798408
2022-08-02 21:00:00,1793.0806565254484
2022-08-02 21:30:00,1686.6161757179414
2022-08-02 22:00:00,1208.1856064827982
2022-08-02 22:30:00,1288.3531612169463
2022-08-02 23:00:00,794.2948569803812
2022-08-02 23:30:00,718.9765988058004
2022-08-03 00:00:00,395.4950173443276
2022-08-03 00:30:00,499.0720079613308
2022-08-03 01:00:00,527.8577964174012
2022-08-03 01:30:00,526.3634782485074
2022-08-03 02:00:00,499.8320932613024
2022-08-03 02:30:00,496.9057648564119
2022-08-03 03:00:00,495.1955729314759
2022-08-03 03:30:00,497.969884276372
2022-08-03 04:00:00,531.8964941711686
2022-08-03 04:30:00,530.361789024737
2022-08-03 05:00:00,530.6041108899631
2022-08-03 05:30:00,529.3925015638329
2022-08-03 06:00:00,529.3925015638329
2022-08-03 06:30:00,570.3765868638044
2022-08-03 07:00:00,632.9300582883143
2022-08-03 07:30:00,
2022-08-03 08:00:00,1078.383885982371
2022-08-03 08:30:00,2557.7707867500712
2022-08-03 09:00:00,2296.450363093546
2022-08-03 09:30:00,1882.8958143303955
2022-08-03 10:00:00,1846.4135069661647
2022-08-03 10:30:00,2097.736068808644
2022-08-03 11:00:00,2013.5456613591127
2022-08-03 11:30:00,2092.584525163492
2022-08-03 12:00:00,2020.4382530565824
2022-08-03 12:30:00,1959.3474097241967
2022-08-03 13:00:00,1992.8071270969576
2022-08-03 13:30:00,2105.1036542507823
2022-08-03 14:00:00,2102.701046061985
2022-08-03 14:30:00,2123.2612342905886
2022-08-03 15:00:00,2448.096434745522
2022-08-03 15:30:00,2149.6769385840207
2022-08-03 16:00:00,2028.7324754051751
2022-08-03 16:30:00,1911.753918112028
2022-08-03 17:00:00,1912.849608473131
2022-08-03 17:30:00,1706.4987205004263
2022-08-03 18:00:00,1826.168432470856
2022-08-03 18:30:00,1797.4877216377597
2022-08-03 19:00:00,1938.2564722775091
2022-08-03 19:30:00,1775.0250565823144
2022-08-03 20:00:00,1671.854675860108
2022-08-03 20:30:00,1550.9527441000855
2022-08-03 21:00:00,1551.2767930054024
2022-08-03 21:30:00,1550.563885413705
2022-08-03 22:00:00,1397.3871592266137
2022-08-03 22:30:00,1063.4166388967872
2022-08-03 23:00:00,840.0963104918967
2022-08-03 23:30:00,591.9531211259597
2022-08-04 00:00:00,680.1062177992608
2022-08-04 00:30:00,644.1277350014216
2022-08-04 01:00:00,585.5985459198182
2022-08-04 01:30:00,586.7539232300256
2022-08-04 02:00:00,586.8872359965881
2022-08-04 02:30:00,553.0216235427923
2022-08-04 03:00:00,553.4421723059427
2022-08-04 03:30:00,553.3580625533128
2022-08-04 04:00:00,584.9319820870062
2022-08-04 04:30:00,581.4658501563835
2022-08-04 05:00:00,585.5541083309641
2022-08-04 05:30:00,584.4431686096107
2022-08-04 06:00:00,584.7986693204437
2022-08-04 06:30:00,588.8149695763437
2022-08-04 07:00:00,625.2383048052317
2022-08-04 07:30:00,675.2291626386124
2022-08-04 08:00:00,1251.879908160364
2022-08-04 08:30:00,2507.2557321580894
2022-08-04 09:00:00,2325.975268979244
2022-08-04 09:30:00,2004.8345834518057
2022-08-04 10:00:00,1891.6168996303677
2022-08-04 10:30:00,1887.4652613022467
2022-08-04 11:00:00,1614.834935172022
2022-08-04 11:30:00,1854.322802104066
2022-08-04 12:00:00,1869.5042550469152
2022-08-04 12:30:00,1878.2678717657095
2022-08-04 13:00:00,2000.3691418822864
2022-08-04 13:30:00,1747.9249181120276
2022-08-04 14:00:00,2026.8988589707135
2022-08-04 14:30:00,1773.6660764856415
2022-08-04 15:00:00,2044.871063974979
2022-08-04 15:30:00,1803.553750355417
2022-08-04 16:00:00,1797.81713164629
2022-08-04 16:30:00,2166.8334219505264
2022-08-04 17:00:00,1789.014438441854
2022-08-04 17:30:00,1760.720084446972
2022-08-04 18:00:00,1794.7592775092412
2022-08-04 18:30:00,1907.3754455501853
2022-08-04 19:00:00,1671.2078885413707
2022-08-04 19:30:00,1693.7811114586295
2022-08-04 20:00:00,1760.7082900199034
2022-08-04 20:30:00,1535.474286039238
2022-08-04 21:00:00,1567.6145763434747
2022-08-04 21:30:00,1498.1017972704012
2022-08-04 22:00:00,1673.4258365083883
2022-08-04 22:30:00,1289.1846087574645
2022-08-04 23:00:00,956.5793827125392
2022-08-04 23:30:00,621.267276087575
2022-08-05 00:00:00,649.9179647426786
2022-08-05 00:30:00,614.9535644014785
2022-08-05 01:00:00,583.8713176002275
2022-08-05 01:30:00,555.0129755473416
2022-08-05 02:00:00,553.4904222348595
2022-08-05 02:30:00,552.3485072504977
2022-08-05 03:00:00,521.1903710548764
2022-08-05 03:30:00,520.5917145294285
2022-08-05 04:00:00,524.7024893375037
2022-08-05 04:30:00,523.8244597668469
2022-08-05 05:00:00,523.0262510662499
2022-08-05 05:30:00,521.5495649701452
2022-08-05 06:00:00,523.9841015069662
2022-08-05 06:30:00,525.4607876030709
2022-08-05 07:00:00,589.1290110889964
2022-08-05 07:30:00,644.290235996588
2022-08-05 08:00:00,824.5494685811773
2022-08-05 08:30:00,2214.610144156952
2022-08-05 09:00:00,2493.2549132783624
2022-08-05 09:30:00,1836.5345425078197
2022-08-05 10:00:00,1877.5466246801252
2022-08-05 10:30:00,1953.0080838783056
2022-08-05 11:00:00,1991.382741541086
2022-08-05 11:30:00,1982.410637475121
2022-08-05 12:00:00,1808.5524429911857
2022-08-05 12:30:00,2141.0642667045777
2022-08-05 13:00:00,1978.9055481944845
2022-08-05 13:30:00,1773.6944307648569
2022-08-05 14:00:00,1747.089062553313
2022-08-05 14:30:00,1642.3913630935458
2022-08-05 15:00:00,1959.9186650554448
2022-08-05 15:30:00,1781.723695479102
2022-08-05 16:00:00,1800.3716377594542
2022-08-05 16:30:00,1794.515883423372
2022-08-05 17:00:00,1744.6103266988914
2022-08-05 17:30:00,1644.262507250498
2022-08-05 18:00:00,1640.0676226897926
2022-08-05 18:30:00,1666.5436096104636
2022-08-05 19:00:00,1637.9684529428491
2022-08-05 19:30:00,1661.9957261870911
2022-08-05 20:00:00,1608.1806147284622
2022-08-05 20:30:00,1507.613585726472
2022-08-05 21:00:00,1504.3101930622693
2022-08-05 21:30:00,1489.9252809212398
2022-08-05 22:00:00,1194.785231162923
2022-08-05 22:30:00,1085.401212681263
2022-08-05 23:00:00,721.1175851578048
2022-08-05 23:30:00,538.1392010235996
2022-08-06 00:00:00,561.1788399203866
2022-08-06 00:30:00,501.4790241683253
2022-08-06 01:00:00,471.8800159226615
2022-08-06 01:30:00,474.79645607051486
2022-08-06 02:00:00,472.2810264429913
2022-08-06 02:30:00,441.4861347739553
2022-08-06 03:00:00,474.0438763150413
2022-08-06 03:30:00,473.4221074779643
2022-08-06 04:00:00,476.0554813761729
2022-08-06 04:30:00,475.10454080181984
2022-08-06 05:00:00,473.4952567529146
2022-08-06 05:30:00,440.9732558999148
2022-08-06 06:00:00,441.0416397497868
2022-08-06 06:30:00,449.38446943417694
2022-08-06 07:00:00,548.6093164628948
2022-08-06 07:30:00,626.584299118567
2022-08-06 08:00:00,1445.9593500142169
2022-08-06 08:30:00,2082.722954506682
2022-08-06 09:00:00,2317.151727040091
2022-08-06 09:30:00,1685.1836889394374
2022-08-06 10:00:00,1752.143987205004
2022-08-06 10:30:00,1767.0420164913282
2022-08-06 11:00:00,2071.0070378163214
2022-08-06 11:30:00,1947.8596377594547
2022-08-06 12:00:00,1770.585705715098
2022-08-06 12:30:00,1821.13638185954
2022-08-06 13:00:00,1851.422206994598
2022-08-06 13:30:00,1819.2279482513509
2022-08-06 14:00:00,2017.160712823429
2022-08-06 14:30:00,1623.3947108330967
2022-08-06 15:00:00,1719.9653352288883
2022-08-06 15:30:00,1700.365261017913
2022-08-06 16:00:00,1690.4453139038956
2022-08-06 16:30:00,1718.7621845322722
2022-08-06 17:00:00,1728.043802957066
2022-08-06 17:30:00,1728.792332101223
2022-08-06 18:00:00,1752.0757224907595
2022-08-06 18:30:00,1555.7615345464883
2022-08-06 19:00:00,1105.3756110321297
2022-08-06 19:30:00,939.8757338640892
2022-08-06 20:00:00,940.2706684674442
2022-08-06 20:30:00,955.8333554165484
2022-08-06 21:00:00,986.3585240261588
2022-08-06 21:30:00,1006.5043585442138
2022-08-06 22:00:00,1023.4930989479672
2022-08-06 22:30:00,1022.4058672163776
2022-08-06 23:00:00,906.131163207279
2022-08-06 23:30:00,742.1192900199035
2022-08-07 00:00:00,399.5808928063691
2022-08-07 00:30:00,525.9313733295423
2022-08-07 01:00:00,528.1187034404322
2022-08-07 01:30:00,559.0853886835373
2022-08-07 02:00:00,527.9385703724765
2022-08-07 02:30:00,556.305358828547
2022-08-07 03:00:00,524.667225191925
2022-08-07 03:30:00,554.7228802957067
2022-08-07 04:00:00,520.1438837077054
2022-08-07 04:30:00,495.30958572647154
2022-08-07 05:00:00,523.7787116860962
2022-08-07 05:30:00,520.9920102359968
2022-08-07 06:00:00,524.5460642593121
2022-08-07 06:30:00,522.32478049474
2022-08-07 07:00:00,533.5119732726757
2022-08-07 07:30:00,607.9514870628375
2022-08-07 08:00:00,1165.202663633779
2022-08-07 08:30:00,1346.0535237418255
2022-08-07 09:00:00,973.8765652544788
2022-08-07 09:30:00,1050.3400742109752
2022-08-07 10:00:00,1050.9112104065966
2022-08-07 10:30:00,1038.0048905317035
2022-08-07 11:00:00,1117.948708558431
2022-08-07 11:30:00,1120.7190884276376
2022-08-07 12:00:00,1120.8989832243394
2022-08-07 12:30:00,1153.3798822860394
2022-08-07 13:00:00,1153.4878191640605
2022-08-07 13:30:00,1180.4615547341486
2022-08-07 14:00:00,1139.2646932044358
2022-08-07 14:30:00,1138.765991470003
2022-08-07 15:00:00,1165.1892013079332
2022-08-07 15:30:00,1137.3308837077057
2022-08-07 16:00:00,1118.060934319022
2022-08-07 16:30:00,1118.6705513221495
2022-08-07 17:00:00,1118.060934319022
2022-08-07 17:30:00,1145.756989195337
2022-08-07 18:00:00,1118.419532556156
2022-08-07 18:30:00,1118.1326539664487
2022-08-07 19:00:00,1083.1002271822574
2022-08-07 19:30:00,1082.418890531703
2022-08-07 20:00:00,998.738502701166
2022-08-07 20:30:00,1013.762815752062
2022-08-07 21:00:00,980.2964267841916
2022-08-07 21:30:00,952.4126141597956
2022-08-07 22:00:00,980.0955641171456
2022-08-07 22:30:00,843.0999579186807
2022-08-07 23:00:00,943.5297426784192
2022-08-07 23:30:00,436.8519971566676
2022-08-08 00:00:00,458.8254913278364
2022-08-08 00:30:00,688.2618854137052
2022-08-08 01:00:00,629.019431333523
2022-08-08 01:30:00,560.7999886266704
2022-08-08 02:00:00,497.0910207563263
2022-08-08 02:30:00,690.2180924083027
2022-08-08 03:00:00,660.215214387262
2022-08-08 03:30:00,632.3416474267842
2022-08-08 04:00:00,591.8271947682687
2022-08-08 04:30:00,590.6844458345183
2022-08-08 05:00:00,561.8307500710835
2022-08-08 05:30:00,458.4611745806087
2022-08-08 06:00:00,431.5688086437305
2022-08-08 06:30:00,687.2231418822862
2022-08-08 07:00:00,700.6294739835089
2022-08-08 07:30:00,925.0768254193916
2022-08-08 08:00:00,1864.6180264429915
2022-08-08 08:30:00,2380.4654029001995
2022-08-08 09:00:00,2201.452328973557
2022-08-08 09:30:00,2076.9555988058005
2022-08-08 10:00:00,1871.8862527722488
2022-08-08 10:30:00,2033.74189024737
2022-08-08 11:00:00,2062.2163773102075
2022-08-08 11:30:00,2203.7884594825136
2022-08-08 12:00:00,1991.70262069946
2022-08-08 12:30:00,1992.203943417686
2022-08-08 13:00:00,2124.5926940574354
2022-08-08 13:30:00,2079.3565390958206
2022-08-08 14:00:00,1975.3829459766853
2022-08-08 14:30:00,2075.1512897355706
2022-08-08 15:00:00,2094.4706804094403
2022-08-08 15:30:00,1907.7035450668184
2022-08-08 16:00:00,1851.862174864942
2022-08-08 16:30:00,2028.809317884561
2022-08-08 17:00:00,2093.783506113165
2022-08-08 17:30:00,1769.3961364799543
2022-08-08 18:00:00,1832.2631728746096
2022-08-08 18:30:00,1804.428324992892
2022-08-08 19:00:00,1876.5202712539096
2022-08-08 19:30:00,1636.3158035257325
2022-08-08 20:00:00,1636.2309789593407
2022-08-08 20:30:00,1704.6875015638334
2022-08-08 21:00:00,1588.8770690929778
2022-08-08 21:30:00,1535.4110250213257
2022-08-08 22:00:00,1581.3741455786185
2022-08-08 22:30:00,1301.8274006255333
2022-08-08 23:00:00,869.4926690361108
2022-08-08 23:30:00,561.2002843332386
2022-08-09 00:00:00,697.8325268694912
2022-08-09 00:30:00,610.8217025874325
2022-08-09 01:00:00,416.3609075916976
2022-08-09 01:30:00,507.7008822860392
2022-08-09 02:00:00,505.7802968439009
2022-08-09 02:30:00,475.2546516917827
2022-08-09 03:00:00,507.6224910435028
2022-08-09 03:30:00,474.1134515211828
2022-08-09 04:00:00,474.260703156099
2022-08-09 04:30:00,475.73321950526014
2022-08-09 05:00:00,618.8919499573501
2022-08-09 05:30:00,550.0970821723059
2022-08-09 06:00:00,520.9160017059995
2022-08-09 06:30:00,450.6224077338642
2022-08-09 07:00:00,754.9593704862095
2022-08-09 07:30:00,786.1064270685243
2022-08-09 08:00:00,1733.5976676144442
2022-08-09 08:30:00,1917.7139161216944
2022-08-09 09:00:00,1803.6201088996304
2022-08-09 09:30:00,1624.5771319306227
2022-08-09 10:00:00,1802.5664734148424
2022-08-09 10:30:00,2048.818027295991
2022-08-09 11:00:00,1841.402781632073
2022-08-09 11:30:00,1696.3285885698042
2022-08-09 12:00:00,1753.1362678419111
2022-08-09 12:30:00,1740.967397497868
2022-08-09 13:00:00,1891.3269235143591
2022-08-09 13:30:00,1701.8468316747228
2022-08-09 14:00:00,1702.376508672164
2022-08-09 14:30:00,1728.4619690076777
2022-08-09 15:00:00,1709.334386693205
2022-08-09 15:30:00,1796.0713181688943
2022-08-09 16:00:00,1678.7552496445835
2022-08-09 16:30:00,1728.2743303952236
2022-08-09 17:00:00,1688.030673016776
2022-08-09 17:30:00,1821.5409664486783
2022-08-09 18:00:00,1654.6425561558146
2022-08-09 18:30:00,1654.3839127096958
2022-08-09 19:00:00,1768.2270585726474
2022-08-09 19:30:00,1520.9409309070231
2022-08-09 20:00:00,1516.7097099800965
2022-08-09 20:30:00,1517.9542007392663
2022-08-09 21:00:00,1535.9078205857263
2022-08-09 21:30:00,1471.6149690076772
2022-08-09 22:00:00,1249.8460247369917
2022-08-09 22:30:00,1194.399708274097
2022-08-09 23:00:00,879.6731657662783
2022-08-09 23:30:00,583.3983491612171
2022-08-10 00:00:00,438.2585123684961
2022-08-10 00:30:00,498.8918748933752
2022-08-10 01:00:00,627.0088984930338
2022-08-10 01:30:00,528.9505083878305
2022-08-10 02:00:00,528.6369434176854
2022-08-10 02:30:00,499.7413119135625
2022-08-10 03:00:00,528.659340915553
2022-08-10 03:30:00,528.1889934603355
2022-08-10 04:00:00,479.1839829400058
2022-08-10 04:30:00,616.0334097241969
2022-08-10 05:00:00,599.7967725334092
2022-08-10 05:30:00,571.4933642308786
2022-08-10 06:00:00,542.7218720500426
2022-08-10 06:30:00,529.9940173443276
2022-08-10 07:00:00,634.4746516917828
2022-08-10 07:30:00,794.3165396644868
2022-08-10 08:00:00,1619.0326789877738
2022-08-10 08:30:00,1888.3102903042368
2022-08-10 09:00:00,2094.1147031560986
2022-08-10 09:30:00,1734.4113639465454
2022-08-10 10:00:00,1780.9632527722492
2022-08-10 10:30:00,1837.2341069092977
2022-08-10 11:00:00,2016.963424225192
2022-08-10 11:30:00,1819.040667045778
2022-08-10 12:00:00,1817.6418956497016
2022-08-10 12:30:00,1846.9794011942
2022-08-10 13:00:00,1795.0406758601084
2022-08-10 13:30:00,1804.339449815184
2022-08-10 14:00:00,1864.0529661643443
2022-08-10 14:30:00,1907.8506775661076
2022-08-10 15:00:00,1767.553346602218
2022-08-10 15:30:00,1825.2633591128804
2022-08-10 16:00:00,1999.113452374183
2022-08-10 16:30:00,1722.5528419107195
2022-08-10 17:00:00,1735.9728746090425
2022-08-10 17:30:00,1735.8555260164917
2022-08-10 18:00:00,1791.8566570941143
2022-08-10 18:30:00,1685.0116570941143
2022-08-10 19:00:00,1716.340514643162
2022-08-10 19:30:00,1727.6053838498726
2022-08-10 20:00:00,1445.2054597668468
2022-08-10 20:30:00,1494.3741626386125
2022-08-10 21:00:00,1491.28712027296
2022-08-10 21:30:00,1407.503084446972
2022-08-10 22:00:00,1225.047943986352
2022-08-10 22:30:00,1005.7810861529716
2022-08-10 23:00:00,959.6727392664204
2022-08-10 23:30:00,726.3961273812909
2022-08-11 00:00:00,399.2262260449248
2022-08-11 00:30:00,492.6196224054594
2022-08-11 01:00:00,493.563772249076
2022-08-11 01:30:00,493.6015382428207
2022-08-11 02:00:00,494.9233480238841
2022-08-11 02:30:00,492.4307924367359
2022-08-11 03:00:00,461.4604139891954
2022-08-11 03:30:00,462.0994574921809
2022-08-11 04:00:00,492.2793710548763
2022-08-11 04:30:00,494.51459368780206
2022-08-11 05:00:00,495.7648029570658
2022-08-11 05:30:00,495.12075575774816
2022-08-11 06:00:00,461.495916406028
2022-08-11 06:30:00,467.8508490190505
2022-08-11 07:00:00,532.0506556724481
2022-08-11 07:30:00,644.6076133067957
2022-08-11 08:00:00,738.1530267273246
2022-08-11 08:30:00,1316.717686096105
2022-08-11 09:00:00,2304.84978220074
2022-08-11 09:30:00,2080.408983224339
2022-08-11 10:00:00,2083.285751208416
2022-08-11 10:30:00,1947.5424987205004
2022-08-11 11:00:00,1961.353653682116
2022-08-11 11:30:00,1769.814064259312
2022-08-11 12:00:00,1560.1244003412
2022-08-11 12:30:00,1616.3863193062273
2022-08-11 13:00:00,1903.791011941996
2022-08-11 13:30:00,1563.6293704862098
2022-08-11 14:00:00,1656.178095251635
2022-08-11 14:30:00,1701.8420662496449
2022-08-11 15:00:00,1737.869037247655
2022-08-11 15:30:00,1606.8372413989196
2022-08-11 16:00:00,1681.566254762582
2022-08-11 16:30:00,1788.4410386693207
2022-08-11 17:00:00,1503.99484105772
2022-08-11 17:30:00,1600.0896377594545
2022-08-11 18:00:00,1684.2223835655388
2022-08-11 18:30:00,1380.2590301393234
2022-08-11 19:00:00,1379.5628015353996
2022-08-11 19:30:00,1407.004263576912
2022-08-11 20:00:00,1423.113902189366
2022-08-11 20:30:00,1432.9455698038105
2022-08-11 21:00:00,1003.3772866079046
2022-08-11 21:30:00,1211.7912462325844
2022-08-11 22:00:00,1701.719237418254
2022-08-11 22:30:00,1259.3841421666193
2022-08-11 23:00:00,780.7087492180838
2022-08-11 23:30:00,694.5001842479387
2022-08-12 00:00:00,425.203392095536
2022-08-12 00:30:00,454.1222550469149
2022-08-12 01:00:00,456.4797108330963
2022-08-12 01:30:00,486.5190443559852
2022-08-12 02:00:00,484.7035365368211
2022-08-12 02:30:00,484.33302473699166
2022-08-12 03:00:00,484.81469007677
2022-08-12 03:30:00,515.006636337788
2022-08-12 04:00:00,486.7784026158657
2022-08-12 04:30:00,456.4797108330965
2022-08-12 05:00:00,482.9991822576061
2022-08-12 05:30:00,484.33302473699183
2022-08-12 06:00:00,484.0736664771113
2022-08-12 06:30:00,491.9285166334946
2022-08-12 07:00:00,524.9045433608189
2022-08-12 07:30:00,796.9475308501567
2022-08-12 08:00:00,1220.0045754904752
2022-08-12 08:30:00,1207.796152118283
2022-08-12 09:00:00,2267.2683295422235
2022-08-12 09:30:00,2143.303420813193
2022-08-12 10:00:00,1721.6655197611606
2022-08-12 10:30:00,1696.163109183964
2022-08-12 11:00:00,1664.4761299402903
2022-08-12 11:30:00,1484.894779073074
2022-08-12 12:00:00,1575.131557861814
2022-08-12 12:30:00,1537.0122078475972
2022-08-12 13:00:00,1630.85796218368
2022-08-12 13:30:00,1506.7782067102646
2022-08-12 14:00:00,1558.0068837077056
2022-08-12 14:30:00,1699.717758885414
2022-08-12 15:00:00,1574.7101751492753
2022-08-12 15:30:00,1575.5193443275523
2022-08-12 16:00:00,1542.8449690076773
2022-08-12 16:30:00,1541.9688456070517
2022-08-12 17:00:00,1514.0699027580326
2022-08-12 17:30:00,1752.0975243104922
2022-08-12 18:00:00,1557.1207529144158
2022-08-12 18:30:00,1487.6511009383
2022-08-12 19:00:00,1448.1245208984935
2022-08-12 19:30:00,1536.2571262439585
2022-08-12 20:00:00,1279.257513505829
2022-08-12 20:30:00,1346.5548464600513
2022-08-12 21:00:00,1622.3647833380726
2022-08-12 21:30:00,1352.3641379016208
2022-08-12 22:00:00,1310.1263883992042
2022-08-12 22:30:00,1209.8153818595397
2022-08-12 23:00:00,871.8261785612739
2022-08-12 23:30:00,651.1588814330396
2022-08-13 00:00:00,552.555564970145
2022-08-13 00:30:00,552.1768328120557
2022-08-13 01:00:00,553.0679673016775
2022-08-13 01:30:00,552.2213895365369
2022-08-13 02:00:00,552.7115135058289
2022-08-13 02:30:00,523.2933531418823
2022-08-13 03:00:00,522.8556488484505
2022-08-13 03:30:00,551.9094924651693
2022-08-13 04:00:00,552.9788538527155
2022-08-13 04:30:00,524.0692834802388
2022-08-13 05:00:00,523.1739792436736
2022-08-13 05:30:00,481.7921000853
2022-08-13 06:00:00,325.3782206425933
2022-08-13 06:30:00,455.6415916974695
2022-08-13 07:00:00,581.163126528291
2022-08-13 07:30:00,631.8378228603922
2022-08-13 08:00:00,1223.0539709980094
2022-08-13 08:30:00,2097.0186340631217
2022-08-13 09:00:00,1661.9419960193347
2022-08-13 09:30:00,1540.6990980949672
2022-08-13 10:00:00,1513.92408075064
2022-08-13 10:30:00,1590.8606772817743
2022-08-13 11:00:00,1614.241044071652
2022-08-13 11:30:00,1493.863666477111
2022-08-13 12:00:00,1495.821541370486
2022-08-13 12:30:00,1564.206106056298
2022-08-13 13:00:00,1965.2857250497584
2022-08-13 13:30:00,1746.8469789593405
2022-08-13 14:00:00,1745.8112138185957
2022-08-13 14:30:00,1643.4601288029571
2022-08-13 15:00:00,1645.1199263576914
2022-08-13 15:30:00,1641.5487168040945
2022-08-13 16:00:00,1642.6690682399774
2022-08-13 16:30:00,1617.1828601080467
2022-08-13 17:00:00,1600.0254236565256
2022-08-13 17:30:00,1599.3010790446406
2022-08-13 18:00:00,1578.9808299687234
2022-08-13 18:30:00,1092.9907477964175
2022-08-13 19:00:00,1101.3621700312765
2022-08-13 19:30:00,893.8450634063124
2022-08-13 20:00:00,847.0669360250215
2022-08-13 20:30:00,915.3961026442992
2022-08-13 21:00:00,915.216803525732
2022-08-13 21:30:00,868.9454791015069
2022-08-13 22:00:00,868.0848433323855
2022-08-13 22:30:00,867.7979647426785
2022-08-13 23:00:00,844.2865487631504
2022-08-13 23:30:00,735.6720272959913
2022-08-14 00:00:00,584.7115811771397
2022-08-14 00:30:00,542.5557969860677
2022-08-14 01:00:00,267.8330918396363
2022-08-14 01:30:00,466.9163491612172
2022-08-14 02:00:00,466.23727608757486
2022-08-14 02:30:00,465.4509809496733
2022-08-14 03:00:00,500.9033608188799
2022-08-14 03:30:00,499.8359056013651
2022-08-14 04:00:00,500.7889906170032
2022-08-14 04:30:00,498.65408018197326
2022-08-14 05:00:00,499.1115609894795
2022-08-14 05:30:00,499.2640545919818
2022-08-14 06:00:00,470.6601862382713
2022-08-14 06:30:00,468.903054876315
2022-08-14 07:00:00,473.8143019618993
2022-08-14 07:30:00,610.8035939721353
2022-08-14 08:00:00,946.866374182542
2022-08-14 08:30:00,1116.966316178561
2022-08-14 09:00:00,1084.1404003412
2022-08-14 09:30:00,984.9366403184532
2022-08-14 10:00:00,985.1868251350584
2022-08-14 10:30:00,529.2731276656244
2022-08-14 11:00:00,
2022-08-14 11:30:00,1210.1244196758605
2022-08-14 12:00:00,1653.424990048337
2022-08-14 12:30:00,1455.2414449815185
2022-08-14 13:00:00,1322.757266704578
2022-08-14 13:30:00,983.298168040944
2022-08-14 14:00:00,1023.3431071936308
2022-08-14 14:30:00,984.3686016491326
2022-08-14 15:00:00,984.302123969292
2022-08-14 15:30:00,984.800706568098
2022-08-14 16:00:00,1020.5760631219788
2022-08-14 16:30:00,1063.4287907307366
2022-08-14 17:00:00,1081.9978652260452
2022-08-14 17:30:00,1057.061825419392
2022-08-14 18:00:00,1043.80882087006
2022-08-14 18:30:00,1049.135493886835
2022-08-14 19:00:00,1025.748932044356
2022-08-14 19:30:00,1022.3746536821156
2022-08-14 20:00:00,1022.3414148421951
2022-08-14 20:30:00,980.3875655388116
2022-08-14 21:00:00,942.7316531134488
2022-08-14 21:30:00,960.0152541939156
2022-08-14 22:00:00,986.7096167187948
2022-08-14 22:30:00,958.1530452089852
2022-08-14 23:00:00,956.3469491043504
2022-08-14 23:30:00,803.852750924083
2022-08-15 00:00:00,645.9152459482515
2022-08-15 00:30:00,616.364845038385
2022-08-15 01:00:00,415.1971907876031
2022-08-15 01:30:00,533.9966170031277
2022-08-15 02:00:00,563.7045152118282
2022-08-15 02:30:00,533.384498151834
2022-08-15 03:00:00,532.4933636622122
2022-08-15 03:30:00,532.8579186806937
2022-08-15 04:00:00,567.7622746659085
2022-08-15 04:30:00,532.0477964174013
2022-08-15 05:00:00,536.1389138470289
2022-08-15 05:30:00,537.4756155814616
2022-08-15 06:00:00,535.9363832812057
2022-08-15 06:30:00,539.7844640318455
2022-08-15 07:00:00,602.7845749218085
2022-08-15 07:30:00,659.1236937731022
2022-08-15 08:00:00,627.619945123685
2022-08-15 08:30:00,2111.704721069093
2022-08-15 09:00:00,2177.7843687802106
2022-08-15 09:30:00,2232.7514026158665
2022-08-15 10:00:00,2199.0135035541653
2022-08-15 10:30:00,2140.1475180551606
2022-08-15 11:00:00,2109.346193062269
2022-08-15 11:30:00,2030.295653966449
2022-08-15 12:00:00,2031.323913562696
2022-08-15 12:30:00,2104.643909866363
2022-08-15 13:00:00,1935.4576189934603
2022-08-15 13:30:00,2447.965623827125
2022-08-15 14:00:00,2242.7135237418256
2022-08-15 14:30:00,2020.3923858402047
2022-08-15 15:00:00,2124.3467981234007
2022-08-15 15:30:00,2106.044825703725
2022-08-15 16:00:00,2121.7315328404898
2022-08-15 16:30:00,2121.919886266705
2022-08-15 17:00:00,2119.7335092408307
2022-08-15 17:30:00,2063.5400932613024
2022-08-15 18:00:00,2008.581398919534
2022-08-15 18:30:00,1877.6246585157808
2022-08-15 19:00:00,1784.672063974979
2022-08-15 19:30:00,1785.2211600796136
2022-08-15 20:00:00,1785.1818453227183
2022-08-15 20:30:00,1758.245994882002
2022-08-15 21:00:00,1712.5574819448398
2022-08-15 21:30:00,1712.732968723344
2022-08-15 22:00:00,1597.0347620130797
2022-08-15 22:30:00,1128.542844185385
2022-08-15 23:00:00,1019.0184839351724
2022-08-15 23:30:00,603.4168276940575
2022-08-16 00:00:00,395.17287460904186
2022-08-16 00:30:00,488.5809246516918
2022-08-16 01:00:00,
2022-08-16 01:30:00,487.94223855558727
2022-08-16 02:00:00,488.7468805800399
2022-08-16 02:30:00,487.24732044356
2022-08-16 03:00:00,487.2107458060849
2022-08-16 03:30:00,487.1741711686097
2022-08-16 04:00:00,489.64170827409725
2022-08-16 04:30:00,488.7610577196475
2022-08-16 05:00:00,487.95379471140177
2022-08-16 05:30:00,488.504201307933
2022-08-16 06:00:00,518.2106698891104
2022-08-16 06:30:00,526.1579692920105
2022-08-16 07:00:00,530.2288336650554
2022-08-16 07:30:00,546.5921120272959
2022-08-16 08:00:00,1567.572044924652
2022-08-16 08:30:00,2421.386465453512
2022-08-16 09:00:00,2228.3166980381006
2022-08-16 09:30:00,1997.000701165767
2022-08-16 10:00:00,1961.1869829400064
2022-08-16 10:30:00,1993.913777935741
2022-08-16 11:00:00,1731.172185385272
2022-08-16 11:30:00,2053.3117040090992
2022-08-16 12:00:00,2235.7405154961616
2022-08-16 12:30:00,2327.421575490476
2022-08-16 13:00:00,1923.751233153256
2022-08-16 13:30:00,2182.0848075063977
2022-08-16 14:00:00,2131.9133400625533
2022-08-16 14:30:00,2009.7864557861817
2022-08-16 15:00:00,2009.82994029002
2022-08-16 15:30:00,1841.7419607620132
2022-08-16 16:00:00,1856.2989047483652
2022-08-16 16:30:00,1968.0773110605635
2022-08-16 17:00:00,2123.571106056298
2022-08-16 17:30:00,2175.531037531988
2022-08-16 18:00:00,2081.998848166051
2022-08-16 18:30:00,2061.636425078192
2022-08-16 19:00:00,2039.2106920671024
2022-08-16 19:30:00,1988.8761279499572
2022-08-16 20:00:00,1962.7834003412
2022-08-16 20:30:00,1913.204632641456
2022-08-16 21:00:00,1914.13674978675
2022-08-16 21:30:00,1845.9464953085017
2022-08-16 22:00:00,1594.7708276940575
2022-08-16 22:30:00,1439.1814859255048
2022-08-16 23:00:00,944.2490835939724
2022-08-16 23:30:00,757.2777497867503
2022-08-17 00:00:00,427.8435567244812
2022-08-17 00:30:00,577.1287176570941
2022-08-17 01:00:00,545.3507187944272
2022-08-17 01:30:00,575.9790588569805
2022-08-17 02:00:00,575.1053181688941
2022-08-17 02:30:00,547.9338174580607
2022-08-17 03:00:00,578.8543972135342
2022-08-17 03:30:00,578.8082917259027
2022-08-17 04:00:00,577.010177708274
2022-08-17 04:30:00,576.27248990617
2022-08-17 05:00:00,545.6165103781633
2022-08-17 05:30:00,547.8463719078761
2022-08-17 06:00:00,548.4147679840775
2022-08-17 06:30:00,584.6175831674723
2022-08-17 07:00:00,591.3950898493036
2022-08-17 07:30:00,434.6067671310777
2022-08-17 08:00:00,
2022-08-17 08:30:00,1294.8611831106057
2022-08-17 09:00:00,3096.4731418822867
2022-08-17 09:30:00,3067.869630935457
2022-08-17 10:00:00,2174.07400881433
2022-08-17 10:30:00,2102.65351094683
2022-08-17 11:00:00,2075.8015319874894
2022-08-17 11:30:00,1904.2563557008816
2022-08-17 12:00:00,2163.0874404321867
2022-08-17 12:30:00,2504.6791859539385
2022-08-17 13:00:00,2347.0049707136764
2022-08-17 13:30:00,2544.336457776514
2022-08-17 14:00:00,2550.648739835088
2022-08-17 14:30:00,2534.5578055160654
2022-08-17 15:00:00,2518.2614813761734
2022-08-17 15:30:00,2466.480253340916
2022-08-17 16:00:00,2474.343085584305
2022-08-17 16:30:00,2525.8786559567816
2022-08-17 17:00:00,2462.900108615297
2022-08-17 17:30:00,2420.114216093262
2022-08-17 18:00:00,2362.982368780211
2022-08-17 18:30:00,2355.437986067672
2022-08-17 19:00:00,1958.285673016776
2022-08-17 19:30:00,2088.6619846460053
2022-08-17 20:00:00,2094.2938831390397
2022-08-17 20:30:00,2019.3681768552744
2022-08-17 21:00:00,1967.047026158658
2022-08-17 21:30:00,1909.7305186238275
2022-08-17 22:00:00,1930.21017116861
2022-08-17 22:30:00,1504.2202456639184
2022-08-17 23:00:00,1030.3036061984644
2022-08-17 23:30:00,523.7125914131361
2022-08-18 00:00:00,581.5057605914134
2022-08-18 00:30:00,580.8369331816889
2022-08-18 01:00:00,471.3789314756894
2022-08-18 01:30:00,728.6365919818028
2022-08-18 02:00:00,634.4208023883994
2022-08-18 02:30:00,633.8328680693774
2022-08-18 03:00:00,608.3438006823999
2022-08-18 03:30:00,607.9852024452659
2022-08-18 04:00:00,607.703446687518
2022-08-18 04:30:00,607.4985334091557
2022-08-18 05:00:00,607.8827458060849
2022-08-18 05:30:00,378.8910850156385
2022-08-18 06:00:00,531.2660284333239
2022-08-18 06:30:00,533.9651651976117
2022-08-18 07:00:00,596.6002445265851
2022-08-18 07:30:00,
2022-08-18 08:00:00,1525.727442991186
2022-08-18 08:30:00,1518.8340173443278
2022-08-18 09:00:00,2317.1816300824566
2022-08-18 09:30:00,2042.699817173728
2022-08-18 10:00:00,1906.518622121126
2022-08-18 10:30:00,1920.2684222348587
2022-08-18 11:00:00,1941.375085584305
2022-08-18 11:30:00,1938.720148137617
2022-08-18 12:00:00,1940.9104566391811
2022-08-18 12:30:00,1989.8936653397789
2022-08-18 13:00:00,1990.4314435598528
2022-08-18 13:30:00,2061.520863520046
2022-08-18 14:00:00,2137.250020471993
2022-08-18 14:30:00,2094.146274097242
2022-08-18 15:00:00,2084.283750355417
2022-08-18 15:30:00,2041.5309775376743
2022-08-18 16:00:00,2039.7070110889963
2022-08-18 16:30:00,2024.8119601933467
2022-08-18 17:00:00,2213.169198748934
2022-08-18 17:30:00,2227.813945692352
2022-08-18 18:00:00,2258.7147489337503
2022-08-18 18:30:00,2235.5955274381577
2022-08-18 19:00:00,2153.2865098094967
2022-08-18 19:30:00,2129.4148276940577
2022-08-18 20:00:00,2054.60349161217
2022-08-18 20:30:00,2055.190830253057
2022-08-18 21:00:00,2056.0450326983228
2022-08-18 21:30:00,2029.7336912141031
2022-08-18 22:00:00,2006.5823030992328
2022-08-18 22:30:00,1519.8943244242255
2022-08-18 23:00:00,1004.3270358259884
2022-08-18 23:30:00,496.2194245095252
2022-08-19 00:00:00,581.7890651123116
2022-08-19 00:30:00,581.7422448109186
2022-08-19 01:00:00,581.8358854137049
2022-08-19 01:30:00,554.1965390958202
2022-08-19 02:00:00,553.1717344327552
2022-08-19 02:30:00,551.7904759738414
2022-08-19 03:00:00,520.8490474836508
2022-08-19 03:30:00,522.6203559852147
2022-08-19 04:00:00,519.7946971851009
2022-08-19 04:30:00,521.5238316747226
2022-08-19 05:00:00,521.6081796986068
2022-08-19 05:30:00,520.8490474836508
2022-08-19 06:00:00,492.6560779073074
2022-08-19 06:30:00,526.8377571794142
2022-08-19 07:00:00,611.0749849303384
2022-08-19 07:30:00,860.4456286607906
2022-08-19 08:00:00,1470.27767159511
2022-08-19 08:30:00,2113.179858402047
2022-08-19 09:00:00,1882.4386909297696
2022-08-19 09:30:00,1805.4263241398924
2022-08-19 10:00:00,1911.2747546204157
2022-08-19 10:30:00,1911.091285754905
2022-08-19 11:00:00,1866.2061043502988
2022-08-19 11:30:00,1912.322909866364
2022-08-19 12:00:00,1947.9190864373047
2022-08-19 12:30:00,1948.0566880864376
2022-08-19 13:00:00,1905.5563636622128
2022-08-19 13:30:00,1971.612303383566
2022-08-19 14:00:00,1972.384302246233
2022-08-19 14:30:00,1952.2401356269552
2022-08-19 15:00:00,1777.072402331533
2022-08-19 15:30:00,1770.3793628092124
2022-08-19 16:00:00,1872.9132018766
2022-08-19 16:30:00,1674.8510560136483
2022-08-19 17:00:00,1889.4339775376743
2022-08-19 17:30:00,1950.1261930622693
2022-08-19 18:00:00,1492.3330119419963
2022-08-19 18:30:00,1707.9057122547629
2022-08-19 19:00:00,1730.0079920386695
2022-08-19 19:30:00,1630.059038669321
2022-08-19 20:00:00,1467.4968077907313
2022-08-19 20:30:00,1453.0149192493602
2022-08-19 21:00:00,1453.8791290872905
2022-08-19 21:30:00,1459.5315189081605
2022-08-19 22:00:00,1451.2571922092693
2022-08-19 22:30:00,1075.012109468297
2022-08-19 23:00:00,963.2512160932612
2022-08-19 23:30:00,565.5789951663348
2022-08-20 00:00:00,730.9867804947398
2022-08-20 00:30:00,671.0521484219507
2022-08-20 01:00:00,602.3144657378448
2022-08-20 01:30:00,602.6551936309355
2022-08-20 02:00:00,575.7043321012227
2022-08-20 02:30:00,575.8234677281774
2022-08-20 03:00:00,443.3814634631791
2022-08-20 03:30:00,500.4754256468581
2022-08-20 04:00:00,499.506138185954
2022-08-20 04:30:00,498.9407205004266
2022-08-20 05:00:00,501.0004563548479
2022-08-20 05:30:00,500.1119428490192
2022-08-20 06:00:00,500.0311688939439
2022-08-20 06:30:00,505.8065066818313
2022-08-20 07:00:00,569.1990503269833
2022-08-20 07:30:00,606.4122547625817
2022-08-20 08:00:00,1141.9326164344614
2022-08-20 08:30:00,2034.765980096673
2022-08-20 09:00:00,1944.4212644299123
2022-08-20 09:30:00,1668.1416949104355
2022-08-20 10:00:00,1669.705350014217
2022-08-20 10:30:00,1685.2513579755478
2022-08-20 11:00:00,1682.3241956212682
2022-08-20 11:30:00,1684.0504708558435
2022-08-20 12:00:00,1675.7181251066254
2022-08-20 12:30:00,1676.5409948820022
2022-08-20 13:00:00,1713.9337367074213
2022-08-20 13:30:00,1715.4349647426789
2022-08-20 14:00:00,1713.7116678987777
2022-08-20 14:30:00,1682.256169178277
2022-08-20 15:00:00,1582.5563284048908
2022-08-20 15:30:00,1593.3300014216666
2022-08-20 16:00:00,1585.2727398350871
2022-08-20 16:30:00,1579.612129655957
2022-08-20 17:00:00,1585.6333633778793
2022-08-20 17:30:00,1585.0662777935745
2022-08-20 18:00:00,1581.4010702303103
2022-08-20 18:30:00,1387.7447981234006
2022-08-20 19:00:00,985.6126158657949
2022-08-20 19:30:00,875.6879599090134
2022-08-20 20:00:00,896.6337901620702
2022-08-20 20:30:00,886.91816064828
2022-08-20 21:00:00,810.6937568950813
2022-08-20 21:30:00,815.0380375319878
2022-08-20 22:00:00,774.7868746090421
2022-08-20 22:30:00,770.6248714813767
2022-08-20 23:00:00,710.366071367643
2022-08-20 23:30:00,474.1702792152405
2022-08-21 00:00:00,558.4623093545638
2022-08-21 00:30:00,587.3417384134206
2022-08-21 01:00:00,555.0937495024169
2022-08-21 01:30:00,556.4860875746376
2022-08-21 02:00:00,526.2837765140745
2022-08-21 02:30:00,529.9757895934036
2022-08-21 03:00:00,529.4639829400058
2022-08-21 03:30:00,499.4017753767416
2022-08-21 04:00:00,497.18704407165205
2022-08-21 04:30:00,500.7306141597953
2022-08-21 05:00:00,526.1987136764287
2022-08-21 05:30:00,525.3480852999716
2022-08-21 06:00:00,525.0078339493887
2022-08-21 06:30:00,523.9445484788171
2022-08-21 07:00:00,536.0660028433324
2022-08-21 07:30:00,597.3118416263862
2022-08-21 08:00:00,
2022-08-21 08:30:00,664.1888640887121
2022-08-21 09:00:00,1910.5070446403188
2022-08-21 09:30:00,1768.5122692635769
2022-08-21 10:00:00,1229.011586295138
2022-08-21 10:30:00,1322.6301489906173
2022-08-21 11:00:00,1316.166088143304
2022-08-21 11:30:00,1315.3299943133352
2022-08-21 12:00:00,1316.347889110037
2022-08-21 12:30:00,1317.741895081035
2022-08-21 13:00:00,1330.820127665624
2022-08-21 13:30:00,1438.8084722775093
2022-08-21 14:00:00,1397.970566391811
2022-08-21 14:30:00,1395.909043502985
2022-08-21 15:00:00,1302.902837930054
2022-08-21 15:30:00,1303.0786821154393
2022-08-21 16:00:00,1271.5773161785612
2022-08-21 16:30:00,1094.9406406027863
2022-08-21 17:00:00,1069.2211649132782
2022-08-21 17:30:00,852.4205336934888
2022-08-21 18:00:00,907.6954139891952
2022-08-21 18:30:00,922.363868922377
2022-08-21 19:00:00,921.1324830821724
2022-08-21 19:30:00,959.7939001990331
2022-08-21 20:00:00,879.5460480523175
2022-08-21 20:30:00,843.278899630367
2022-08-21 21:00:00,829.1822957065683
2022-08-21 21:30:00,819.0729229456924
2022-08-21 22:00:00,939.4441054876316
2022-08-21 22:30:00,857.29472959909
2022-08-21 23:00:00,567.0033807222067
2022-08-21 23:30:00,585.6183224338927
2022-08-22 00:00:00,583.7133437588853
2022-08-22 00:30:00,548.5898973557009
2022-08-22 01:00:00,551.3989963036679
2022-08-22 01:30:00,550.8259539380155
2022-08-22 02:00:00,521.4685527438157
2022-08-22 02:30:00,521.4268552743815
2022-08-22 03:00:00,521.6353426215524
2022-08-22 03:30:00,523.7619135626954
2022-08-22 04:00:00,519.2168893943701
2022-08-22 04:30:00,523.2198464600511
2022-08-22 05:00:00,522.4692920102359
2022-08-22 05:30:00,520.6763008245664
2022-08-22 06:00:00,493.04636622121126
2022-08-22 06:30:00,527.5563832812055
2022-08-22 07:00:00,588.2202445265852
2022-08-22 07:30:00,622.3680892806373
2022-08-22 08:00:00,1085.0038953653684
2022-08-22 08:30:00,2208.119158657947
2022-08-22 09:00:00,2366.2856423087865
2022-08-22 09:30:00,2351.5532115439296
2022-08-22 10:00:00,2598.2967955644017
2022-08-22 10:30:00,2571.313767415412
2022-08-22 11:00:00,2367.64891128803
2022-08-22 11:30:00,2494.1250798976403
2022-08-22 12:00:00,2888.466983508673
2022-08-22 12:30:00,2791.974392948536
2022-08-22 13:00:00,2709.86278305374
2022-08-22 13:30:00,2655.680495592835
2022-08-22 14:00:00,2655.0266792721072
2022-08-22 14:30:00,2645.808917543361
2022-08-22 15:00:00,2103.7234680125107
2022-08-22 15:30:00,2396.986059425647
2022-08-22 16:00:00,2264.9142095535967
2022-08-22 16:30:00,2390.3890432186527
2022-08-22 17:00:00,2353.567437588855
2022-08-22 17:30:00,2249.7272763719084
2022-08-22 18:00:00,2170.08904122832
2022-08-22 18:30:00,2154.9794270685243
2022-08-22 19:00:00,2191.675106340631
2022-08-22 19:30:00,2013.6457352857556
2022-08-22 20:00:00,2014.261189934604
2022-08-22 20:30:00,1970.5499709980093
2022-08-22 21:00:00,1893.938138185954
2022-08-22 21:30:00,1852.603675007108
2022-08-22 22:00:00,1852.060059141313
2022-08-22 22:30:00,1484.6821219789597
2022-08-22 23:00:00,1053.4384344611883
2022-08-22 23:30:00,588.8274788171736
2022-08-23 00:00:00,500.43229854990057
2022-08-23 00:30:00,466.7848234290588
2022-08-23 01:00:00,583.8112732442426
2022-08-23 01:30:00,586.8468490190503
2022-08-23 02:00:00,584.7919977253342
2022-08-23 02:30:00,555.7977219220928
2022-08-23 03:00:00,555.0254847881719
2022-08-23 03:30:00,555.7364862098382
2022-08-23 04:00:00,557.2918018197328
2022-08-23 04:30:00,555.3809854990051
2022-08-23 05:00:00,554.9810471993178
2022-08-23 05:30:00,556.1808620983795
2022-08-23 06:00:00,587.8757042934321
2022-08-23 06:30:00,559.9580571509812
2022-08-23 07:00:00,592.4042877452375
2022-08-23 07:30:00,648.9872772249078
2022-08-23 08:00:00,612.5231976116007
2022-08-23 08:30:00,2150.647536536821
2022-08-23 09:00:00,2255.9693875462044
2022-08-23 09:30:00,2464.773754620416
2022-08-23 10:00:00,2404.4435922661364
2022-08-23 10:30:00,2715.455009382997
2022-08-23 11:00:00,2956.789835939722
2022-08-23 11:30:00,2560.6948515780496
2022-08-23 12:00:00,2767.5264518055164
2022-08-23 12:30:00,2594.974102928633
2022-08-23 13:00:00,2504.5888811487066
2022-08-23 13:30:00,2531.2974208131936
2022-08-23 14:00:00,2533.781636906455
2022-08-23 14:30:00,2532.980092408303
2022-08-23 15:00:00,2533.0260787603074
2022-08-23 15:30:00,2298.1957000284333
2022-08-23 16:00:00,2565.3786687517777
2022-08-23 16:30:00,2530.4808652260454
2022-08-23 17:00:00,2521.059977253341
2022-08-23 17:30:00,2534.97192095536
2022-08-23 18:00:00,2401.961401478533
2022-08-23 18:30:00,2262.906059425647
2022-08-23 19:00:00,2300.684562411146
2022-08-23 19:30:00,2318.0534646005112
2022-08-23 20:00:00,2180.7671674722774
2022-08-23 20:30:00,2149.470476542508
2022-08-23 21:00:00,2128.770661359113
2022-08-23 21:30:00,2094.8757415410864
2022-08-23 22:00:00,2046.8194080181977
2022-08-23 22:30:00,1622.6123471708845
2022-08-23 23:00:00,1483.672328404891
2022-08-23 23:30:00,616.34625988058
2022-08-24 00:00:00,665.0702294569236
2022-08-24 00:30:00,665.8353184532273
2022-08-24 01:00:00,791.7808569803811
2022-08-24 01:30:00,577.7478655103783
2022-08-24 02:00:00,578.9927136764289
2022-08-24 02:30:00,579.8687179414276
2022-08-24 03:00:00,578.9927136764289
2022-08-24 03:30:00,580.6064057435317
2022-08-24 04:00:00,579.7304014785329
2022-08-24 04:30:00,579.4537685527441
2022-08-24 05:00:00,578.5316588001139
2022-08-24 05:30:00,548.2398768837078
2022-08-24 06:00:00,580.191456354848
2022-08-24 06:30:00,587.5683343758885
2022-08-24 07:00:00,589.1609394370204
2022-08-24 07:30:00,627.2805277224911
2022-08-24 08:00:00,1540.7691498436166
2022-08-24 08:30:00,2516.453836508388
2022-08-24 09:00:00,2352.243721637759
2022-08-24 09:30:00,1956.2819309070237
2022-08-24 10:00:00,1956.0047023030995
2022-08-24 10:30:00,1984.876030139324
2022-08-24 11:00:00,2052.281538242821
2022-08-24 11:30:00,2034.2291549616152
2022-08-24 12:00:00,2547.5809974410013
2022-08-24 12:30:00,2041.8637233437591
2022-08-24 13:00:00,2022.088996303668
2022-08-24 13:30:00,1831.549669604777
2022-08-24 14:00:00,1820.0832229172595
2022-08-24 14:30:00,2043.084148706284
2022-08-24 15:00:00,2097.422146431618
2022-08-24 15:30:00,2158.8175004265004
2022-08-24 16:00:00,2315.2457952800687
2022-08-24 16:30:00,2107.513053170316
2022-08-24 17:00:00,1924.3920636906455
2022-08-24 17:30:00,1901.0475567244807
2022-08-24 18:00:00,1916.7347404037528
2022-08-24 18:30:00,1827.8337102644296
2022-08-24 19:00:00,1711.7037560420815
2022-08-24 19:30:00,1597.6927480807508
2022-08-24 20:00:00,1027.875383849872
2022-08-24 20:30:00,1084.3814117145298
2022-08-24 21:00:00,1096.9486715951095
2022-08-24 21:30:00,1090.9775939721353
2022-08-24 22:00:00,1087.0822163775947
2022-08-24 22:30:00,1060.070357406881
2022-08-24 23:00:00,963.1246940574354
2022-08-24 23:30:00,381.1425100938301
2022-08-25 00:00:00,524.9848407733863
2022-08-25 00:30:00,554.6954791015069
2022-08-25 01:00:00,525.3231859539382
2022-08-25 01:30:00,526.9726187091271
2022-08-25 02:00:00,525.2761273812908
2022-08-25 02:30:00,470.8492544782487
2022-08-25 03:00:00,499.9693375035543
2022-08-25 03:30:00,473.4845345464887
2022-08-25 04:00:00,470.13396417401214
2022-08-25 04:30:00,470.3221984646007
2022-08-25 05:00:00,470.24690474836535
2022-08-25 05:30:00,469.0798521467162
2022-08-25 06:00:00,469.2680864373048
2022-08-25 06:30:00,441.4365743531421
2022-08-25 07:00:00,472.0612212112596
2022-08-25 07:30:00,503.9031959056014
2022-08-25 08:00:00,629.2797426784193
2022-08-25 08:30:00,1283.0775973841346
2022-08-25 09:00:00,1414.1915968154678
2022-08-25 09:30:00,1127.3355237418257
2022-08-25 10:00:00,1087.1060435029856
2022-08-25 10:30:00,1218.8763611032132
2022-08-25 11:00:00,1364.2819894796703
2022-08-25 11:30:00,1439.046505260165
2022-08-25 12:00:00,1657.0327742394086
2022-08-25 12:30:00,1777.2360946829688
2022-08-25 13:00:00,1725.8866141597955
2022-08-25 13:30:00,1740.2847503554167
2022-08-25 14:00:00,1755.6913696332103
2022-08-25 14:30:00,1708.9151484219508
2022-08-25 15:00:00,1804.38889110037
2022-08-25 15:30:00,1851.6227122547623
2022-08-25 16:00:00,1851.201686949104
2022-08-25 16:30:00,1849.7711063406311
2022-08-25 17:00:00,1848.309073926642
2022-08-25 17:30:00,1833.9787259027576
2022-08-25 18:00:00,1741.3340969576348
2022-08-25 18:30:00,1728.4732868922376
2022-08-25 19:00:00,1774.3621859539385
2022-08-25 19:30:00,1742.6643653682115
2022-08-25 20:00:00,1739.9026823997729
2022-08-25 20:30:00,1683.7342849019053
2022-08-25 21:00:00,1613.2059937446686
2022-08-25 21:30:00,1613.5339741256753
2022-08-25 22:00:00,1394.8866215524597
2022-08-25 22:30:00,969.47641000853
2022-08-25 23:00:00,938.6554276371908
2022-08-25 23:30:00,646.3236428774524
2022-08-26 00:00:00,646.379874893375
2022-08-26 00:30:00,284.7710804663066
2022-08-26 01:00:00,493.0136039237988
2022-08-26 01:30:00,522.0666135911289
2022-08-26 02:00:00,549.4684034688655
2022-08-26 02:30:00,524.5196161501278
2022-08-26 03:00:00,520.8401123116291
2022-08-26 03:30:00,492.7640147853283
2022-08-26 04:00:00,493.48454705715096
2022-08-26 04:30:00,495.20581859539374
2022-08-26 05:00:00,493.7319917543359
2022-08-26 05:30:00,493.08425135058303
2022-08-26 06:00:00,496.6068535683823
2022-08-26 06:30:00,497.8077406880865
2022-08-26 07:00:00,619.0543318168893
2022-08-26 07:30:00,606.1620699459768
2022-08-26 08:00:00,677.6458288313904
2022-08-26 08:30:00,1762.146257037247
2022-08-26 09:00:00,1714.862518055161
2022-08-26 09:30:00,2081.14405004265
2022-08-26 10:00:00,2037.450105771965
2022-08-26 10:30:00,1884.7833992038672
2022-08-26 11:00:00,1926.4242792152409
2022-08-26 11:30:00,1926.288822007393
2022-08-26 12:00:00,1663.0686616434464
2022-08-26 12:30:00,1659.4799391526872
2022-08-26 13:00:00,1653.764645720785
2022-08-26 13:30:00,1616.0498802957068
2022-08-26 14:00:00,1631.552403753199
2022-08-26 14:30:00,1629.968495592835
2022-08-26 15:00:00,1694.124817742394
2022-08-26 15:30:00,1295.7377830537391
2022-08-26 16:00:00,1501.2143346602218
2022-08-26 16:30:00,1736.4909954506684
2022-08-26 17:00:00,1686.777842763719
2022-08-26 17:30:00,1597.0699070230312
2022-08-26 18:00:00,1540.1036582314473
2022-08-26 18:30:00,1267.328105771965
2022-08-26 19:00:00,1490.6708316747229
2022-08-26 19:30:00,1523.607662780779
2022-08-26 20:00:00,1388.2832911572366
2022-08-26 20:30:00,1372.6009920386696
2022-08-26 21:00:00,1374.8967355700884
2022-08-26 21:30:00,1226.5523886835374
2022-08-26 22:00:00,1235.4456249644586
2022-08-26 22:30:00,903.806946261018
2022-08-26 23:00:00,768.8676209837932
2022-08-26 23:30:00,477.8433497298836
2022-08-27 00:00:00,603.0758615297128
2022-08-27 00:30:00,570.4505700881433
2022-08-27 01:00:00,572.5604620415129
2022-08-27 01:30:00,571.1844455501847
2022-08-27 02:00:00,544.6530605629798
2022-08-27 02:30:00,544.0862132499288
2022-08-27 03:00:00,545.830358828547
2022-08-27 03:30:00,542.1240494739835
2022-08-27 04:00:00,544.2606278077907
2022-08-27 04:30:00,544.5658532840489
2022-08-27 05:00:00,513.6127495024169
2022-08-27 05:30:00,510.4842479385841
2022-08-27 06:00:00,542.0343403468867
2022-08-27 06:30:00,548.0352018765994
2022-08-27 07:00:00,581.4974210975264
2022-08-27 07:30:00,
2022-08-27 08:00:00,1030.3711560989482
2022-08-27 08:30:00,1926.9539562126813
2022-08-27 09:00:00,2408.3090668183117
2022-08-27 09:30:00,2074.8234284901905
2022-08-27 10:00:00,1924.8600284333245
2022-08-27 10:30:00,1916.556513505829
2022-08-27 11:00:00,1893.3453193062276
2022-08-27 11:30:00,1879.6338808643736
2022-08-27 12:00:00,1893.449801251067
2022-08-27 12:30:00,1932.5947898777367
2022-08-27 13:00:00,1930.7484259311916
2022-08-27 13:30:00,1873.9396744384424
2022-08-27 14:00:00,1903.1258777367077
2022-08-27 14:30:00,1818.32501933466
2022-08-27 15:00:00,1833.3452817742395
2022-08-27 15:30:00,1847.8427770827416
2022-08-27 16:00:00,1849.8722524879165
2022-08-27 16:30:00,1848.866509525164
2022-08-27 17:00:00,1847.391848734717
2022-08-27 17:30:00,1848.9059434176856
2022-08-27 18:00:00,1842.82109127097
2022-08-27 18:30:00,1682.2398475973844
2022-08-27 19:00:00,1521.1578768837078
2022-08-27 19:30:00,973.2623019618997
2022-08-27 20:00:00,968.0877651407452
2022-08-27 20:30:00,962.5779806653396
2022-08-27 21:00:00,968.3761924936028
2022-08-27 21:30:00,1010.0333940858688
2022-08-27 22:00:00,971.5017156667616
2022-08-27 22:30:00,904.9544606198464
2022-08-27 23:00:00,826.7140437873186
2022-08-27 23:30:00,792.5497583167476
2022-08-28 00:00:00,470.88690133636624
2022-08-28 00:30:00,560.251011657663
2022-08-28 01:00:00,560.3853966448679
2022-08-28 01:30:00,556.8017969860676
2022-08-28 02:00:00,556.3090520329827
2022-08-28 02:30:00,585.0035825988058
2022-08-28 03:00:00,555.2787671310776
2022-08-28 03:30:00,558.4592118282627
2022-08-28 04:00:00,556.9361819732727
2022-08-28 04:30:00,555.9058970713677
2022-08-28 05:00:00,553.7109422803528
2022-08-28 05:30:00,556.0850770543078
2022-08-28 06:00:00,555.3683571225478
2022-08-28 06:30:00,556.5778220073928
2022-08-28 07:00:00,538.6359965880013
2022-08-28 07:30:00,592.8039877736708
2022-08-28 08:00:00,973.2468143303952
2022-08-28 08:30:00,1770.2216272391242
2022-08-28 09:00:00,1272.4645191924938
2022-08-28 09:30:00,1181.5425914131365
2022-08-28 10:00:00,1175.743664771112
2022-08-28 10:30:00,1161.969203582599
2022-08-28 11:00:00,1161.69805089565
2022-08-28 11:30:00,1161.5546116007963
2022-08-28 12:00:00,1219.084133636622
2022-08-28 12:30:00,1243.7768984930335
2022-08-28 13:00:00,1242.2860352573214
2022-08-28 13:30:00,1202.0239118566958
2022-08-28 14:00:00,1178.6875061131643
2022-08-28 14:30:00,1178.109340915553
2022-08-28 15:00:00,1193.7741270969575
2022-08-28 15:30:00,1192.8049587716805
2022-08-28 16:00:00,1192.7098885413702
2022-08-28 16:30:00,1201.5318817173727
2022-08-28 17:00:00,1191.804696047768
2022-08-28 17:30:00,1161.6495626954788
2022-08-28 18:00:00,1209.5158748933748
2022-08-28 18:30:00,1234.985284901905
2022-08-28 19:00:00,1191.512337219221
2022-08-28 19:30:00,1174.109004833665
2022-08-28 20:00:00,1176.6803090702304
2022-08-28 20:30:00,1157.93682001706
2022-08-28 21:00:00,1159.019643730452
2022-08-28 21:30:00,1119.5359525163494
2022-08-28 22:00:00,1115.950208416264
2022-08-28 22:30:00,1089.940160932613
2022-08-28 23:00:00,854.3295629798125
2022-08-28 23:30:00,296.3460597099802
2022-08-29 00:00:00,305.6324435598523
2022-08-29 00:30:00,590.9706096104636
2022-08-29 01:00:00,924.3785715098096
2022-08-29 01:30:00,857.3726442991187
2022-08-29 02:00:00,716.3940958203013
2022-08-29 02:30:00,689.9289502416832
2022-08-29 03:00:00,690.6765263008244
2022-08-29 03:30:00,663.4579670173443
2022-08-29 04:00:00,663.0176417401194
2022-08-29 04:30:00,621.1213349445552
2022-08-29 05:00:00,620.515887688371
2022-08-29 05:30:00,620.4883673585443
2022-08-29 06:00:00,620.4883673585443
2022-08-29 06:30:00,621.4515789024738
2022-08-29 07:00:00,718.7924151265283
2022-08-29 07:30:00,848.2073022462325
2022-08-29 08:00:00,1177.86964003412
2022-08-29 08:30:00,1152.1482581745804
2022-08-29 09:00:00,2004.5896406027864
2022-08-29 09:30:00,2222.390534546489
2022-08-29 10:00:00,2223.3500528859827
2022-08-29 10:30:00,1646.8479886266705
2022-08-29 11:00:00,1781.2415535968155
2022-08-29 11:30:00,1986.7151268126245
2022-08-29 12:00:00,2152.040827694057
2022-08-29 12:30:00,2145.7788208700595
2022-08-29 13:00:00,1688.5557037247654
2022-08-29 13:30:00,1644.2343912425365
2022-08-29 14:00:00,1660.7048916690364
2022-08-29 14:30:00,1683.2245035541655
2022-08-29 15:00:00,1876.6775302814904
2022-08-29 15:30:00,2215.040342905886
2022-08-29 16:00:00,2269.17997981234
2022-08-29 16:30:00,2398.150967586011
2022-08-29 17:00:00,2549.088182257606
2022-08-29 17:30:00,2343.9622468012512
2022-08-29 18:00:00,2230.784354279215
2022-08-29 18:30:00,2185.0580753483086
2022-08-29 19:00:00,2196.390375319875
2022-08-29 19:30:00,2183.410429627524
2022-08-29 20:00:00,2073.1588655103783
2022-08-29 20:30:00,1915.995503838499
2022-08-29 21:00:00,2004.4084353141889
2022-08-29 21:30:00,1920.1586983224345
2022-08-29 22:00:00,1870.295553881149
2022-08-29 22:30:00,1849.6707941427355
2022-08-29 23:00:00,1126.5632866079047
2022-08-29 23:30:00,538.9420560136482
2022-08-30 00:00:00,545.8739624680126
2022-08-30 00:30:00,542.7635695194766
2022-08-30 01:00:00,557.2449815183395
2022-08-30 01:30:00,472.3489337503556
2022-08-30 02:00:00,910.5593153255616
2022-08-30 02:30:00,396.292749502417
2022-08-30 03:00:00,531.8653997725334
2022-08-30 03:30:00,486.40681859539393
2022-08-30 04:00:00,536.4112578902473
2022-08-30 04:30:00,547.554489621837
2022-08-30 05:00:00,502.5712595962468
2022-08-30 05:30:00,549.1056354847881
2022-08-30 06:00:00,501.0201137332952
2022-08-30 06:30:00,873.4712032982657
2022-08-30 07:00:00,864.1065473414844
2022-08-30 07:30:00,783.7436101791302
2022-08-30 08:00:00,890.1013454648847
2022-08-30 08:30:00,1955.1937460904176
2022-08-30 09:00:00,2352.7582684105773
2022-08-30 09:30:00,2225.5029528006826
2022-08-30 10:00:00,2140.5038527153824
2022-08-30 10:30:00,1675.586956781348
2022-08-30 11:00:00,1793.8207270400912
2022-08-30 11:30:00,1242.646897071368
2022-08-30 12:00:00,1151.617985499005
2022-08-30 12:30:00,1137.1568265567248
2022-08-30 13:00:00,1159.0540739266423
2022-08-30 13:30:00,1138.5567893090704
2022-08-30 14:00:00,1109.92277964174
2022-08-30 14:30:00,1116.962742109753
2022-08-30 15:00:00,1117.8943827125397
2022-08-30 15:30:00,1172.5635774808077
2022-08-30 16:00:00,695.0715587148138
2022-08-30 16:30:00,1117.0341043502988
2022-08-30 17:00:00,1046.345575774808
2022-08-30 17:30:00,1075.3013707705434
2022-08-30 18:00:00,1071.6031626386125
2022-08-30 18:30:00,1069.646598237134
2022-08-30 19:00:00,1022.8044950241684
2022-08-30 19:30:00,1011.7155891384704
2022-08-30 20:00:00,995.8588754620416
2022-08-30 20:30:00,994.9505854421384
2022-08-30 21:00:00,956.9846821154396
2022-08-30 21:30:00,955.4485473414844
2022-08-30 22:00:00,931.9754930338356
2022-08-30 22:30:00,903.1208441853852
2022-08-30 23:00:00,301.2114395791868
2022-08-30 23:30:00,277.0117770827409
